序号,编码,词条,分类,候选排序
1,"agys","黯","单字码表","15055"
2,"akgk","奡","单字码表","15037"
3,"albr","哎","单字码表","15033"
4,"asys","暗","单字码表","15013"
5,"bam","邶","单字码表","10388"
6,"bbjm","荸","单字码表","10373"
7,"bbjz","苯","单字码表","10372"
8,"bbpg","萹","单字码表","10364"
9,"bbrr","驳","单字码表","10362"
10,"bccv","波","单字码表","10353"
11,"bcjc","渤","单字码表","10350"
12,"bcmt","妣","单字码表","10348"
13,"bdtn","胞","单字码表","10332"
14,"bf","卜","单字码表","10326"
15,"bfks","佰","单字码表","10319"
16,"bfwz","伯","单字码表","10313"
17,"bfyl","倍","单字码表","10312"
18,"bhgx","帮","单字码表","10294"
19,"bhtv","表","单字码表","10286"
20,"bhyh","斑","单字码表","10285"
21,"bipv","憋","单字码表","10275"
22,"bjjv","鞆","单字码表","10261"
23,"bjm","邴","单字码表","10259"
24,"bkbc","礴","单字码表","10249"
25,"bkgx","布","单字码表","10247"
26,"bktx","甭","单字码表","10238"
27,"bkyy","磅","单字码表","10234"
28,"blgd","蹦","单字码表","10230"
29,"bljd","霸","单字码表","10227"
30,"blm","鄙","单字码表","10224"
31,"blmj","跸","单字码表","10221"
32,"bpgx","扁","单字码表","10177"
33,"bpyy","谤","单字码表","10170"
34,"bqjz","笨","单字码表","10161"
35,"bsjc","暴","单字码表","10144"
36,"bt","匕","单字码表","10142"
37,"btkv","鲅","单字码表","10135"
38,"btmv","狴","单字码表","10134"
39,"bttn","飑","单字码表","10127"
40,"bttn","饱","单字码表","10129"
41,"bumb","把","单字码表","10114"
42,"bwkv","魃","单字码表","10094"
43,"bxkv","杯","单字码表","10079"
44,"bxyy","榜","单字码表","10072"
45,"byby","辫","单字码表","10071"
46,"byey","瓣","单字码表","10068"
47,"byv","卞","单字码表","10050"
48,"bywf","瘪","单字码表","10049"
49,"bzgf","钡","单字码表","10045"
50,"bzkv","钚","单字码表","10039"
51,"bzpv","铋","单字码表","10034"
52,"cagt","觇","单字码表","10657"
53,"cbfx","茶","单字码表","10643"
54,"cbmb","纯","单字码表","10636"
55,"cbnm","骣","单字码表","10633"
56,"cbth","蔡","单字码表","10628"
57,"cbyg","缠","单字码表","10621"
58,"cbyt","茺","单字码表","10618"
59,"ccmg","媸","单字码表","10602"
60,"ccyl","淳","单字码表","10591"
61,"cdfv","脞","单字码表","10587"
62,"cefg","徜","单字码表","10579"
63,"cfhv","传","单字码表","10557"
64,"cflg","常","单字码表","10555"
65,"cfly","裳","单字码表","10554"
66,"cfpj","储","单字码表","10550"
67,"cfqv","敞","单字码表","10548"
68,"cfyv","裳","单字码表","10540"
69,"cghj","畴","单字码表","10530"
70,"cgjc","财","单字码表","10525"
71,"cgtt","巉","单字码表","10516"
72,"cgyg","螭","单字码表","10509"
73,"cipv","慈","单字码表","10481"
74,"cjc","勅","单字码表","10474"
75,"cjs","曹","单字码表","10464"
76,"cjyl","醇","单字码表","10460"
77,"ckhv","残","单字码表","10454"
78,"ckmx","砗","单字码表","10446"
79,"ckzj","厨","单字码表","10440"
80,"clat","呲","单字码表","10438"
81,"clgk","喘","单字码表","10433"
82,"clis","蹭","单字码表","10428"
83,"cljv","吋","单字码表","10423"
84,"clnv","呎","单字码表","10420"
85,"clt","叱","单字码表","10412"
86,"cmfh","除","单字码表","10404"
87,"cmgv","虿","单字码表","10403"
88,"cmgx","臣","单字码表","10401"
89,"cmm","邨","单字码表","10399"
90,"cmqz","陲","单字码表","10396"
91,"cmz","丞","单字码表","10390"
92,"cogx","窜","单字码表","10378"
93,"cotv","惆","单字码表","10366"
94,"cowt","窗","单字码表","10362"
95,"coxv","怵","单字码表","10360"
96,"cpnl","词","单字码表","10348"
97,"cqjv","策","单字码表","10334"
98,"cqyj","辞","单字码表","10323"
99,"ctfy","雏","单字码表","10307"
100,"cths","","单字码表","10303"
101,"ctnz","刍","单字码表","10301"
102,"ctss","猖","单字码表","10298"
103,"ctxs","馇","单字码表","10292"
104,"cubz","闯","单字码表","10287"
105,"cudc","抄","单字码表","10286"
106,"cufu","撑","单字码表","10283"
107,"cuqg","攒","单字码表","10271"
108,"cuqz","插","单字码表","10270"
109,"cusj","撮","单字码表","10267"
110,"cuto","搀","单字码表","10265"
111,"cuyq","撤","单字码表","10259"
112,"cvcc","场","单字码表","10257"
113,"cxjs","楮","单字码表","10227"
114,"cxvv","柽","单字码表","10216"
115,"cygx","冲","单字码表","10204"
116,"cyql","痴","单字码表","10194"
117,"czgc","锄","单字码表","10185"
118,"czjs","错","单字码表","10184"
119,"czqz","锤","单字码表","10179"
120,"dagz","督","单字码表","10576"
121,"dbqz","董","单字码表","10569"
122,"dbv","芏","单字码表","10565"
123,"dbwt","缎","单字码表","10562"
124,"dbyg","缔","单字码表","10559"
125,"dcm","凼","单字码表","10552"
126,"dcqm","沲","单字码表","10547"
127,"dcyg","嫡","单字码表","10540"
128,"ddgz","胴","单字码表","10538"
129,"deqv","瓞","单字码表","10526"
130,"desh","得","单字码表","10525"
131,"dfgf","贷","单字码表","10523"
132,"dfgz","侗","单字码表","10519"
133,"dfhc","傣","单字码表","10518"
134,"dflt","党","单字码表","10516"
135,"dftv","低","单字码表","10511"
136,"dfyv","袋","单字码表","10509"
137,"dgj","盯","单字码表","10503"
138,"dgjs","赌","单字码表","10499"
139,"dgmb","盹","单字码表","10496"
140,"dgtv","骶","单字码表","10489"
141,"dgvz","瞪","单字码表","10488"
142,"digx","单","单字码表","10475"
143,"dinc","弟","单字码表","10469"
144,"dipv","递","单字码表","10467"
145,"ditv","羝","单字码表","10465"
146,"dj","丁","单字码表","10463"
147,"djgx","带","单字码表","10459"
148,"djj","耵","单字码表","10457"
149,"djkg","顶","单字码表","10454"
150,"dkcc","砀","单字码表","10448"
151,"dkfy","碓","单字码表","10447"
152,"dkgz","硐","单字码表","10445"
153,"dktv","碉","单字码表","10437"
154,"dlgx","吊","单字码表","10426"
155,"dljx","蹀","单字码表","10419"
156,"dlmb","吨","单字码表","10416"
157,"dlqv","跌","单字码表","10412"
158,"dltx","跺","单字码表","10406"
159,"dlvz","蹬","单字码表","10402"
160,"dn","刁","单字码表","10382"
161,"dojv","定","单字码表","10370"
162,"dqbz","笃","单字码表","10350"
163,"dqqv","敌","单字码表","10339"
164,"dqsz","笪","单字码表","10337"
165,"drtt","爹","单字码表","10327"
166,"dtfy","雕","单字码表","10322"
167,"dtjx","鲽","单字码表","10317"
168,"dttv","鲷","单字码表","10312"
169,"dubf","搭","单字码表","10306"
170,"dutv","抵","单字码表","10295"
171,"dvfy","堆","单字码表","10289"
172,"dvgz","叠","单字码表","10288"
173,"dvjv","对","单字码表","10285"
174,"dvpv","怠","单字码表","10278"
175,"dvpv","怼","单字码表","10276"
176,"dvsj","堤","单字码表","10275"
177,"dvzl","登","单字码表","10270"
178,"dwjx","牒","单字码表","10268"
179,"dwt","兜","单字码表","10266"
180,"dwtv","段","单字码表","10264"
181,"dyqv","敦","单字码表","10243"
182,"dysz","疸","单字码表","10242"
183,"dytv","底","单字码表","10241"
184,"dzfn","铛","单字码表","10237"
185,"dzli","豆","单字码表","10233"
186,"dzoj","锭","单字码表","10231"
187,"dzqv","铥","单字码表","10228"
188,"egqv","蛾","单字码表","15571"
189,"ehjz","珥","单字码表","15568"
190,"ejll","噩","单字码表","15566"
191,"fbaa","菲","单字码表","12571"
192,"fbcb","范","单字码表","12569"
193,"fbfj","苻","单字码表","12566"
194,"fbrc","纷","单字码表","12556"
195,"fbyc","纺","单字码表","12549"
196,"fcdm","淝","单字码表","12548"
197,"fcv","飞","单字码表","12537"
198,"fcvv","法","单字码表","12535"
199,"fcyc","妨","单字码表","12534"
200,"fdmb","肥","单字码表","12528"
201,"feyc","舫","单字码表","12519"
202,"ffhh","俸","单字码表","12518"
203,"fgev","贩","单字码表","12503"
204,"fgth","峰","单字码表","12491"
205,"fgzl","幅","单字码表","12489"
206,"flaa","啡","单字码表","12459"
207,"flfj","跗","单字码表","12456"
208,"flhh","唪","单字码表","12455"
209,"flhv","呋","单字码表","12454"
210,"fmfj","附","单字码表","12447"
211,"fmzl","辐","单字码表","12444"
212,"fozl","富","单字码表","12436"
213,"fpaa","诽","单字码表","12435"
214,"fpyc","房","单字码表","12429"
215,"fpyc","访","单字码表","12428"
216,"frm","郛","单字码表","12408"
217,"ftgf","负","单字码表","12395"
218,"ftjg","鲼","单字码表","12393"
219,"ftv","凤","单字码表","12385"
220,"ftzl","匐","单字码表","12383"
221,"gbjz","绀","单字码表","11547"
222,"gcjl","姑","单字码表","11529"
223,"gcs","旮","单字码表","11520"
224,"gctv","沟","单字码表","11519"
225,"gcyr","滚","单字码表","11518"
226,"gdjz","肛","单字码表","11509"
227,"gfcl","伽","单字码表","11500"
228,"gfqb","仡","单字码表","11496"
229,"gggh","帼","单字码表","11487"
230,"gggh","蝈","单字码表","11486"
231,"ggjl","固","单字码表","11480"
232,"ggjl","罟","单字码表","11479"
233,"ggs","刿","单字码表","11472"
234,"ggtl","岣","单字码表","11471"
235,"ggtv","购","单字码表","11469"
236,"ggyf","赅","单字码表","11466"
237,"ghgt","规","单字码表","11464"
238,"ghpv","遘","单字码表","11458"
239,"gjc","汞","单字码表","11444"
240,"gjfv","恭","单字码表","11443"
241,"gjgx","革","单字码表","11441"
242,"gjjl","酤","单字码表","11436"
243,"gjjv","鼓","单字码表","11435"
244,"gjqv","故","单字码表","11429"
245,"gjtv","巩","单字码表","11427"
246,"gjtv","毂","单字码表","11425"
247,"gjyj","辜","单字码表","11421"
248,"gjz","甘","单字码表","11420"
249,"gktl","硌","单字码表","11411"
250,"glft","咣","单字码表","11406"
251,"glnv","哏","单字码表","11400"
252,"glzl","嗝","单字码表","11397"
253,"gnqv","敢","单字码表","11384"
254,"gpyf","该","单字码表","11363"
255,"gqbl","罐","单字码表","11361"
256,"gqhx","竿","单字码表","11358"
257,"gqng","簋","单字码表","11351"
258,"gqtz","鸹","单字码表","11345"
259,"gqyl","稿","单字码表","11341"
260,"grat","虢","单字码表","11340"
261,"gtjv","鲠","单字码表","11326"
262,"gugr","","单字码表","11312"
263,"guvv","挂","单字码表","11304"
264,"gxgr","","单字码表","11280"
265,"gxjz","杠","单字码表","11275"
266,"gxql","梏","单字码表","11266"
267,"gxsm","棍","单字码表","11265"
268,"gxtl","格","单字码表","11264"
269,"gxyl","槁","单字码表","11259"
270,"gyjz","疳","单字码表","11250"
271,"gynv","庚","单字码表","11247"
272,"gzlg","锅","单字码表","11238"
273,"gztv","钩","单字码表","11232"
274,"gzyl","镐","单字码表","11231"
275,"gzzl","镉","单字码表","11229"
276,"hbck","薅","单字码表","11398"
277,"hbet","蘅","单字码表","11395"
278,"hbfh","绘","单字码表","11394"
279,"hbft","花","单字码表","11391"
280,"hbfy","萑","单字码表","11390"
281,"hbgl","茴","单字码表","11386"
282,"hbjj","蕻","单字码表","11382"
283,"hbjz","红","单字码表","11380"
284,"hbmx","荤","单字码表","11377"
285,"hcgd","滑","单字码表","11365"
286,"hcgk","溷","单字码表","11362"
287,"hcgl","嬛","单字码表","11360"
288,"hcgp","漶","单字码表","11359"
289,"hcmz","好","单字码表","11350"
290,"hcnv","泓","单字码表","11349"
291,"hcpm","浑","单字码表","11346"
292,"hcql","活","单字码表","11342"
293,"hcsm","混","单字码表","11340"
294,"hcwh","湟","单字码表","11335"
295,"hcyk","濠","单字码表","11334"
296,"hcym","漷","单字码表","11333"
297,"hebt","後","单字码表","11328"
298,"henv","很","单字码表","11323"
299,"heth","衡","单字码表","11321"
300,"hfhv","会","单字码表","11314"
301,"hfkg","颌","单字码表","11311"
302,"hfnq","候","单字码表","11305"
303,"hggl","蛔","单字码表","11298"
304,"hgjz","虹","单字码表","11292"
305,"hgkv","睳","单字码表","11289"
306,"hijd","煳","单字码表","11254"
307,"hijd","糊","单字码表","11255"
308,"hikv","豢","单字码表","11251"
309,"hjjz","酣","单字码表","11239"
310,"hjpv","惠","单字码表","11235"
311,"hjst","鞨","单字码表","11234"
312,"hjtv","觳","单字码表","11232"
313,"hlby","嚆","单字码表","11216"
314,"hlcq","嗨","单字码表","11215"
315,"hllf","嚯","单字码表","11205"
316,"hlun","","单字码表","11195"
317,"hlyl","哼","单字码表","11191"
318,"hlzl","呵","单字码表","11189"
319,"hmlz","或","单字码表","11187"
320,"hmwh","隍","单字码表","11181"
321,"hoft","恍","单字码表","11174"
322,"hokv","宏","单字码表","11167"
323,"hotg","鲎","单字码表","11158"
324,"hphx","罕","单字码表","11149"
325,"hphx","袆","单字码表","11147"
326,"hpjz","讧","单字码表","11145"
327,"hpst","褐","单字码表","11137"
328,"htbl","獾","单字码表","11108"
329,"htjd","猢","单字码表","11100"
330,"htwh","凰","单字码表","11091"
331,"hunq","撖","单字码表","11083"
332,"hvgz","盍","单字码表","11074"
333,"hxzs","桓","单字码表","11050"
334,"hyqb","麾","单字码表","11037"
335,"jbcj","茳","单字码表","9436"
336,"jbcv","级","单字码表","9435"
337,"jbgq","菌","单字码表","9431"
338,"jbgz","畿","单字码表","9428"
339,"jbiv","缣","单字码表","9422"
340,"jbjs","缙","单字码表","9420"
341,"jbjv","芰","单字码表","9419"
342,"jblj","缉","单字码表","9414"
343,"jblj","蕺","单字码表","9413"
344,"jbm","纠","单字码表","9409"
345,"jbnb","纪","单字码表","9407"
346,"jbs","剿","单字码表","9400"
347,"jbt","艽","单字码表","9398"
348,"jbtm","绝","单字码表","9395"
349,"jbtv","级","单字码表","9392"
350,"jbvj","茎","单字码表","9390"
351,"jbwq","缴","单字码表","9387"
352,"jbyh","警","单字码表","9386"
353,"jbyr","茭","单字码表","9383"
354,"jbzg","缰","单字码表","9380"
355,"jcbz","驾","单字码表","9378"
356,"jcgz","姐","单字码表","9374"
357,"jcjz","江","单字码表","9366"
358,"jcld","娟","单字码表","9362"
359,"jcmk","浇","单字码表","9357"
360,"jcqw","娇","单字码表","9350"
361,"jctv","汲","单字码表","9348"
362,"jcwq","激","单字码表","9343"
363,"jewq","徼","单字码表","9318"
364,"jffo","僬","单字码表","9312"
365,"jfjs","借","单字码表","9307"
366,"jfmk","侥","单字码表","9305"
367,"jfms","僭","单字码表","9304"
368,"jfnv","健","单字码表","9300"
369,"jfqx","件","单字码表","9297"
370,"jfqx","牮","单字码表","9296"
371,"jfyk","僦","单字码表","9286"
372,"jfyr","佼","单字码表","9285"
373,"jfzg","僵","单字码表","9284"
374,"jgfw","界","单字码表","9281"
375,"jgfw","骱","单字码表","9279"
376,"jgfy","雎","单字码表","9278"
377,"jgjb","羁","单字码表","9273"
378,"jgx","巾","单字码表","9254"
379,"jhpv","进","单字码表","9242"
380,"jht","玑","单字码表","9240"
381,"jhtn","静","单字码表","9239"
382,"jhx","井","单字码表","9235"
383,"jinl","焗","单字码表","9224"
384,"jirg","爝","单字码表","9220"
385,"jirn","爝","单字码表","9219"
386,"jist","羯","单字码表","9218"
387,"jjgf","贾","单字码表","9207"
388,"jjjl","兢","单字码表","9202"
389,"jjm","鄄","单字码表","9196"
390,"jjmv","戟","单字码表","9195"
391,"jjqv","救","单字码表","9190"
392,"jjqv","教","单字码表","9191"
393,"jjv","柬","单字码表","9185"
394,"jkfo","硷","单字码表","9182"
395,"jkmz","殛","单字码表","9175"
396,"jks","劂","单字码表","9170"
397,"jljl","咭","单字码表","9158"
398,"jlki","噘","单字码表","9155"
399,"jlrn","嚼","单字码表","9142"
400,"jlyw","哜","单字码表","9133"
401,"jlyw","跻","单字码表","9132"
402,"jmb","卺","单字码表","9130"
403,"jmyr","较","单字码表","9118"
404,"jmz","孑","单字码表","9116"
405,"jnm","郡","单字码表","9107"
406,"jnqx","犟","单字码表","9103"
407,"jnzg","疆","单字码表","9098"
408,"jpfp","衿","单字码表","9073"
409,"jphx","讲","单字码表","9071"
410,"jpmn","讵","单字码表","9063"
411,"jqdc","筋","单字码表","9052"
412,"jqgr","稷","单字码表","9050"
413,"jqnv","毽","单字码表","9035"
414,"jsgz","监","单字码表","9026"
415,"jtcq","解","单字码表","9018"
416,"jtgz","狙","单字码表","9016"
417,"jtl","咎","单字码表","9007"
418,"jtt","饥","单字码表","8999"
419,"jtv","及","单字码表","8996"
420,"jtyl","猄","单字码表","8992"
421,"jtyr","狡","单字码表","8991"
422,"jtyr","鲛","单字码表","8989"
423,"jtyt","獍","单字码表","8988"
424,"jumv","拣","单字码表","8976"
425,"juqw","挢","单字码表","8968"
426,"jutl","拘","单字码表","8963"
427,"jvc","劫","单字码表","8959"
428,"jvnv","艰","单字码表","8952"
429,"jvyt","境","单字码表","8945"
430,"jxcv","极","单字码表","8937"
431,"jxfo","检","单字码表","8936"
432,"jxjg","槿","单字码表","8933"
433,"jxjl","桔","单字码表","8932"
434,"jxnv","楗","单字码表","8926"
435,"jxtv","极","单字码表","8919"
436,"jyjz","酱","单字码表","8908"
437,"jykv","就","单字码表","8906"
438,"jyld","京","单字码表","8904"
439,"jym","疖","单字码表","8901"
440,"jynv","决","单字码表","8898"
441,"jyqv","疾","单字码表","8895"
442,"jyt","麂","单字码表","8889"
443,"jytj","将","单字码表","8888"
444,"jyyd","瘠","单字码表","8881"
445,"jzfc","镌","单字码表","8879"
446,"jzjz","豇","单字码表","8876"
447,"jzyt","镜","单字码表","8864"
448,"kbgg","蒉","单字码表","13444"
449,"kbmb","芤","单字码表","13438"
450,"kgzl","岢","单字码表","13394"
451,"kjgg","聩","单字码表","13378"
452,"kjsm","醌","单字码表","13369"
453,"kjt","壳","单字码表","13368"
454,"kktf","砍","单字码表","13361"
455,"klcl","咖","单字码表","13353"
456,"klkv","哭","单字码表","13349"
457,"kogx","悃","单字码表","13323"
458,"kojz","空","单字码表","13319"
459,"konm","慨","单字码表","13318"
460,"konv","快","单字码表","13316"
461,"kotl","客","单字码表","13312"
462,"kqyl","犒","单字码表","13290"
463,"ktfh","狯","单字码表","13284"
464,"kugx","捆","单字码表","13276"
465,"kuyc","扩","单字码表","13264"
466,"kuyt","抗","单字码表","13263"
467,"kuyt","闶","单字码表","13262"
468,"kzyt","钪","单字码表","13223"
469,"lb","〇","单字码表","11593"
470,"lbgb","缧","单字码表","11582"
471,"lbic","缕","单字码表","11579"
472,"lblg","蕾","单字码表","11574"
473,"lbpc","芦","单字码表","11568"
474,"lbpv","邋","单字码表","11564"
475,"lbsg","蓝","单字码表","11560"
476,"lbtg","骝","单字码表","11558"
477,"lbtl","络","单字码表","11556"
478,"lbtl","绺","单字码表","11555"
479,"lbvr","菱","单字码表","11552"
480,"lbx","蔾","单字码表","11550"
481,"lbyg","蓠","单字码表","11549"
482,"lcbc","涝","单字码表","11543"
483,"lcgb","嫘","单字码表","11537"
484,"lcgz","娌","单字码表","11534"
485,"lcgz","泪","单字码表","11536"
486,"lcgz","浬","单字码表","11533"
487,"lcjt","姥","单字码表","11530"
488,"lcks","洌","单字码表","11525"
489,"lcmc","泐","单字码表","11520"
490,"lcnj","漏","单字码表","11517"
491,"lctg","溜","单字码表","11513"
492,"ldc","肋","单字码表","11498"
493,"lfks","例","单字码表","11473"
494,"lfll","侣","单字码表","11471"
495,"lgbd","累","单字码表","11458"
496,"lgfp","岭","单字码表","11457"
497,"lgfp","蛉","单字码表","11455"
498,"lgic","嵝","单字码表","11452"
499,"lgic","髅","单字码表","11450"
500,"lgic","","单字码表","11449"
501,"lgit","嶙","单字码表","11448"
502,"lgjs","蜡","单字码表","11445"
503,"lgkv","眬","单字码表","11441"
504,"lglv","睐","单字码表","11439"
505,"lgtl","略","单字码表","11433"
506,"lhxx","琳","单字码表","11409"
507,"lhyg","璃","单字码表","11408"
508,"lipv","粮","单字码表","11394"
509,"ljbg","鬣","单字码表","11386"
510,"ljgz","醴","单字码表","11383"
511,"ljrj","酹","单字码表","11381"
512,"lkc","励","单字码表","11371"
513,"lknc","碌","单字码表","11358"
514,"lktv","砾","单字码表","11354"
515,"llbc","唠","单字码表","11346"
516,"llfp","零","单字码表","11341"
517,"llgz","雷","单字码表","11337"
518,"llkc","呖","单字码表","11332"
519,"llks","嘹","单字码表","11328"
520,"llks","蹽","单字码表","11327"
521,"lltl","路","单字码表","11318"
522,"llxx","霖","单字码表","11312"
523,"lmpv","辽","单字码表","11301"
524,"lmym","辘","单字码表","11295"
525,"lofp","怜","单字码表","11287"
526,"lomt","窿","单字码表","11281"
527,"loyh","懔","单字码表","11276"
528,"lpsg","褴","单字码表","11263"
529,"lqfc","黎","单字码表","11257"
530,"lqll","稆","单字码表","11250"
531,"lqnc","氯","单字码表","11249"
532,"ltgz","狸","单字码表","11226"
533,"ltgz","留","单字码表","11224"
534,"ltgz","鳢","单字码表","11223"
535,"ltpv","狼","单字码表","11216"
536,"lttg","馏","单字码表","11212"
537,"ltzg","鲡","单字码表","11207"
538,"luft","抡","单字码表","11203"
539,"luts","撸","单字码表","11188"
540,"lxfp","柃","单字码表","11169"
541,"lxgy","楞","单字码表","11166"
542,"lxjt","栳","单字码表","11162"
543,"lxpm","榔","单字码表","11153"
544,"lybj","率","单字码表","11138"
545,"lygv","离","单字码表","11130"
546,"lyjv","辣","单字码表","11123"
547,"lyks","冽","单字码表","11121"
548,"lymt","癃","单字码表","11114"
549,"lyqy","旒","单字码表","11107"
550,"lyyg","廪","单字码表","11095"
551,"lyz","銮","单字码表","11091"
552,"lzll","铝","单字码表","11079"
553,"lzm","钌","单字码表","11076"
554,"lzpv","锒","单字码表","11073"
555,"mahx","芈","单字码表","12593"
556,"mb","乜","单字码表","12592"
557,"mbdv","糸","单字码表","12587"
558,"mbgz","苗","单字码表","12580"
559,"mbhv","蒙","单字码表","12578"
560,"mbkv","茂","单字码表","12574"
561,"mbsg","蔓","单字码表","12563"
562,"mbtl","茗","单字码表","12560"
563,"mbtz","鹲","单字码表","12557"
564,"mbv","墓","单字码表","12554"
565,"mbyb","芒","单字码表","12549"
566,"mcbs","嫫","单字码表","12542"
567,"mchv","妹","单字码表","12536"
568,"mcmg","媚","单字码表","12529"
569,"mcpv","泌","单字码表","12525"
570,"mcs","汨","单字码表","12523"
571,"mcsg","漫","单字码表","12522"
572,"mctg","娩","单字码表","12521"
573,"mctl","洺","单字码表","12519"
574,"mcyt","嬷","单字码表","12515"
575,"mgbg","蠛","单字码表","12499"
576,"mgbj","瞒","单字码表","12497"
577,"mgmg","嵋","单字码表","12485"
578,"mgnb","眠","单字码表","12483"
579,"mgps","瞑","单字码表","12480"
580,"mgqb","眊","单字码表","12478"
581,"mgvq","蛑","单字码表","12472"
582,"mhgg","瑁","单字码表","12466"
583,"misg","熳","单字码表","12453"
584,"mjqb","耄","单字码表","12446"
585,"mjqb","酶","单字码表","12447"
586,"mkbh","礞","单字码表","12441"
587,"mkby","硭","单字码表","12440"
588,"mlbv","呣","单字码表","12432"
589,"mlbz","骂","单字码表","12431"
590,"mmc","勐","单字码表","12415"
591,"mmgz","孟","单字码表","12413"
592,"moyb","忙","单字码表","12393"
593,"mpsg","幂","单字码表","12385"
594,"mqgk","篾","单字码表","12377"
595,"mqpv","秘","单字码表","12375"
596,"mqqv","敏","单字码表","12373"
597,"mrbs","貘","单字码表","12366"
598,"msgz","盟","单字码表","12358"
599,"mtm","卯","单字码表","12345"
600,"mtmg","猛","单字码表","12344"
601,"mtmg","猸","单字码表","12343"
602,"mtsg","馒","单字码表","12341"
603,"mvgz","埋","单字码表","12324"
604,"mxtv","梦","单字码表","12309"
605,"mybd","縻","单字码表","12304"
606,"mygz","亩","单字码表","12299"
607,"mygz","盲","单字码表","12301"
608,"myiv","糜","单字码表","12298"
609,"mzbs","镆","单字码表","12282"
610,"mzmg","锰","单字码表","12277"
611,"nbmz","纽","单字码表","13632"
612,"nbnz","纽","单字码表","13631"
613,"nc","乃","单字码表","13626"
614,"ncc","努","单字码表","13622"
615,"ncmz","妞","单字码表","13617"
616,"ncnt","泥","单字码表","13611"
617,"ncpv","娘","单字码表","13608"
618,"ncpv","浓","单字码表","13607"
619,"ncsv","涅","单字码表","13605"
620,"nctd","妳","单字码表","13604"
621,"ndnc","脲","单字码表","13597"
622,"nfhc","佞","单字码表","13594"
623,"nfpv","念","单字码表","13591"
624,"nfpv","恁","单字码表","13588"
625,"nfpv","您","单字码表","13590"
626,"ngmk","蛲","单字码表","13579"
627,"ngwt","睨","单字码表","13577"
628,"njpv","酿","单字码表","13563"
629,"nljv","蹑","单字码表","13545"
630,"npgv","讷","单字码表","13520"
631,"ntwt","猊","单字码表","13499"
632,"nukh","捺","单字码表","13489"
633,"nuyg","闹","单字码表","13479"
634,"nwjh","齉","单字码表","13472"
635,"nymz","疟","单字码表","13460"
636,"pbjh","缥","单字码表","13538"
637,"pbl","辔","单字码表","13535"
638,"pbtj","葡","单字码表","13531"
639,"pcjh","漂","单字码表","13515"
640,"pcqh","湃","单字码表","13507"
641,"pcrg","潘","单字码表","13506"
642,"pcyy","滂","单字码表","13500"
643,"pgjh","瞟","单字码表","13467"
644,"pgmt","毗","单字码表","13464"
645,"pgwj","蜱","单字码表","13457"
646,"phmb","琶","单字码表","13451"
647,"pjec","彭","单字码表","13438"
648,"pljh","嘌","单字码表","13410"
649,"plll","品","单字码表","13408"
650,"plny","霹","单字码表","13406"
651,"plsi","噗","单字码表","13402"
652,"pltn","跑","单字码表","13399"
653,"pntz","","单字码表","13382"
654,"pqpg","犏","单字码表","13366"
655,"pqt","牝","单字码表","13365"
656,"prgz","盆","单字码表","13360"
657,"ptyy","鳑","单字码表","13350"
658,"pucv","披","单字码表","13347"
659,"pumt","批","单字码表","13339"
660,"pyt","庀","单字码表","13293"
661,"pytn","疱","单字码表","13291"
662,"pzcv","","单字码表","13287"
663,"qbjr","骐","单字码表","11901"
664,"qbkz","绮","单字码表","11897"
665,"qblj","葺","单字码表","11896"
666,"qboc","","单字码表","11890"
667,"qcjg","嫱","单字码表","11875"
668,"qcqb","汽","单字码表","11870"
669,"qcx","柒","单字码表","11867"
670,"qfjv","俅","单字码表","11848"
671,"qfmk","倾","单字码表","11846"
672,"qfmn","佢","单字码表","11845"
673,"qfnv","侵","单字码表","11843"
674,"qgf","囚","单字码表","11835"
675,"qggz","蛆","单字码表","11829"
676,"qghd","蜻","单字码表","11826"
677,"qghd","","单字码表","11825"
678,"qgib","圈","单字码表","11822"
679,"qgib","蜣","单字码表","11821"
680,"qgjt","嵌","单字码表","11817"
681,"qgjv","岐","单字码表","11816"
682,"qgkz","崎","单字码表","11812"
683,"qgnb","岂","单字码表","11810"
684,"qhnb","玘","单字码表","11786"
685,"qhyl","琼","单字码表","11779"
686,"qitf","歉","单字码表","11770"
687,"qjbf","醛","单字码表","11764"
688,"qjgv","蛩","单字码表","11759"
689,"qjkl","碁","单字码表","11756"
690,"qjkl","磬","单字码表","11757"
691,"qjm","邛","单字码表","11753"
692,"qjpv","逑","单字码表","11752"
693,"qjsj","覃","单字码表","11745"
694,"qjtf","欺","单字码表","11744"
695,"qjv","求","单字码表","11741"
696,"qjyh","謦","单字码表","11739"
697,"qkmc","砌","单字码表","11728"
698,"qkzl","奇","单字码表","11721"
699,"qlfb","呛","单字码表","11720"
700,"qmv","堑","单字码表","11697"
701,"qnlg","强","单字码表","11692"
702,"qobz","骞","单字码表","11690"
703,"qosv","悭","单字码表","11678"
704,"qpnl","裙","单字码表","11660"
705,"qqfo","签","单字码表","11651"
706,"qqhd","氰","单字码表","11650"
707,"qqnv","缺","单字码表","11644"
708,"qqpv","迁","单字码表","11642"
709,"qqpv","迄","单字码表","11643"
710,"qtc","劬","单字码表","11634"
711,"qtij","","单字码表","11630"
712,"qttz","鹐","单字码表","11624"
713,"qvjv","趣","单字码表","11608"
714,"qvtn","趋","单字码表","11604"
715,"qxjz","栖","单字码表","11585"
716,"qxpz","榷","单字码表","11580"
717,"qxqx","杄","单字码表","11576"
718,"qycz","妾","单字码表","11571"
719,"qygf","瘸","单字码表","11568"
720,"qymc","凄","单字码表","11563"
721,"qztl","铅","单字码表","11545"
722,"qzyt","锵","单字码表","11544"
723,"rbcl","茹","单字码表","14033"
724,"rbkj","缛","单字码表","14026"
725,"rbkl","若","单字码表","14025"
726,"rbmk","绕","单字码表","14022"
727,"rbmk","荛","单字码表","14020"
728,"rbqz","纴","单字码表","14015"
729,"rcyl","瀼","单字码表","13998"
730,"rfbk","偌","单字码表","13994"
731,"rgbx","嵘","单字码表","13988"
732,"rmht","阮","单字码表","13967"
733,"rpyl","禳","单字码表","13952"
734,"rtmk","饶","单字码表","13942"
735,"rzcl","铷","单字码表","13925"
736,"sbcl","绍","单字码表","8983"
737,"sblg","绳","单字码表","8965"
738,"sbmy","萨","单字码表","8963"
739,"sbrc","绥","单字码表","8959"
740,"sbsj","莳","单字码表","8956"
741,"sbtv","芍","单字码表","8955"
742,"sbwv","虱","单字码表","8949"
743,"scdc","沙","单字码表","8938"
744,"scgx","汕","单字码表","8935"
745,"scjj","澍","单字码表","8931"
746,"scjv","滠","单字码表","8927"
747,"scjz","洒","单字码表","8926"
748,"scns","涮","单字码表","8921"
749,"scog","婶","单字码表","8920"
750,"scpx","深","单字码表","8916"
751,"sctg","鲨","单字码表","8912"
752,"sctv","妁","单字码表","8911"
753,"sctz","鲨","单字码表","8910"
754,"scwv","嫂","单字码表","8901"
755,"scys","嬗","单字码表","8895"
756,"sdfd","腧","单字码表","8892"
757,"sdgx","胂","单字码表","8888"
758,"sdgz","省","单字码表","8887"
759,"sdjx","师","单字码表","8884"
760,"sdlx","臊","单字码表","8882"
761,"sdqz","胜","单字码表","8881"
762,"sdrx","脎","单字码表","8880"
763,"sdys","膻","单字码表","8878"
764,"sefd","艄","单字码表","8876"
765,"sfhl","舍","单字码表","8866"
766,"sfj","隼","单字码表","8860"
767,"sfjv","使","单字码表","8858"
768,"sfjz","耸","单字码表","8856"
769,"sfpv","食","单字码表","8850"
770,"sftk","倏","单字码表","8845"
771,"sfyv","裳","单字码表","8839"
772,"sgdj","蛳","单字码表","8838"
773,"sgjo","赎","单字码表","8832"
774,"sgpv","思","单字码表","8826"
775,"sgt","兕","单字码表","8822"
776,"sgtv","岁","单字码表","8820"
777,"sgv","墅","单字码表","8816"
778,"sgwv","瞍","单字码表","8813"
779,"sgx","申","单字码表","8810"
780,"shbd","素","单字码表","8805"
781,"shgz","耜","单字码表","8802"
782,"sil","兽","单字码表","8791"
783,"sim","鄯","单字码表","8790"
784,"simk","烧","单字码表","8789"
785,"sipv","愬","单字码表","8785"
786,"sipv","煽","单字码表","8788"
787,"sipv","送","单字码表","8787"
788,"siqv","数","单字码表","8784"
789,"sitv","烁","单字码表","8783"
790,"sjgf","贳","单字码表","8769"
791,"sjmc","声","单字码表","8766"
792,"sjqv","散","单字码表","8763"
793,"sjtz","","单字码表","8760"
794,"sjv","丧","单字码表","8759"
795,"skgz","盛","单字码表","8748"
796,"skkg","硕","单字码表","8745"
797,"skmx","厍","单字码表","8741"
798,"skqv","殊","单字码表","8739"
799,"skrr","爽","单字码表","8738"
800,"skv","豕","单字码表","8735"
801,"slnl","嗣","单字码表","8716"
802,"slqj","噬","单字码表","8712"
803,"slsj","嗮","单字码表","8711"
804,"slyc","霎","单字码表","8703"
805,"smdv","孙","单字码表","8701"
806,"smfd","输","单字码表","8700"
807,"smqv","收","单字码表","8692"
808,"sojv","守","单字码表","8673"
809,"sojv","慑","单字码表","8674"
810,"spgx","神","单字码表","8657"
811,"spig","谥","单字码表","8655"
812,"sptv","设","单字码表","8647"
813,"sqfd","稍","单字码表","8639"
814,"sqjp","穗","单字码表","8631"
815,"sqqz","牲","单字码表","8624"
816,"sqtb","舐","单字码表","8621"
817,"sqv","矢","单字码表","8618"
818,"sqv","私","单字码表","8617"
819,"srkg","颂","单字码表","8613"
820,"ssjv","时","单字码表","8602"
821,"stb","甩","单字码表","8593"
822,"stdj","狮","单字码表","8591"
823,"stqv","稣","单字码表","8575"
824,"stv","殳","单字码表","8570"
825,"stwv","馊","单字码表","8567"
826,"sulg","损","单字码表","8552"
827,"suvv","","单字码表","8546"
828,"suvx","抒","单字码表","8545"
829,"suyb","摔","单字码表","8542"
830,"sv","厶","单字码表","8537"
831,"svyg","墒","单字码表","8520"
832,"swjv","射","单字码表","8518"
833,"sxxx","森","单字码表","8497"
834,"sycv","孰","单字码表","8492"
835,"sygx","市","单字码表","8489"
836,"syoo","熟","单字码表","8486"
837,"syqm","施","单字码表","8484"
838,"syxr","凇","单字码表","8476"
839,"szpv","","单字码表","8472"
840,"tbmv","薹","单字码表","12057"
841,"tbv","彖","单字码表","12048"
842,"tbvl","苔","单字码表","12047"
843,"tdit","","单字码表","12010"
844,"tdkv","豚","单字码表","12008"
845,"tetz","","单字码表","12003"
846,"tfjz","仝","单字码表","11994"
847,"tflx","棠","单字码表","11992"
848,"tftv","倜","单字码表","11986"
849,"tfyj","停","单字码表","11982"
850,"tgal","贴","单字码表","11980"
851,"tgj","町","单字码表","11974"
852,"tgjc","团","单字码表","11973"
853,"tgqv","蜓","单字码表","11970"
854,"tgtv","蜩","单字码表","11967"
855,"tgyg","瞳","单字码表","11966"
856,"thfg","耥","单字码表","11960"
857,"tkfp","餮","单字码表","11928"
858,"tljg","嚏","单字码表","11915"
859,"tltq","啕","单字码表","11907"
860,"tlv","吐","单字码表","11904"
861,"tlyg","啼","单字码表","11900"
862,"tmpv","忒","单字码表","11896"
863,"tokv","突","单字码表","11884"
864,"tost","惕","单字码表","11880"
865,"tpst","裼","单字码表","11871"
866,"tqjz","甜","单字码表","11859"
867,"tqkg","颓","单字码表","11858"
868,"trcz","妥","单字码表","11850"
869,"ttot","鸵","单字码表","11834"
870,"tufy","推","单字码表","11826"
871,"tukp","闼","单字码表","11820"
872,"tuqv","挺","单字码表","11816"
873,"tusj","提","单字码表","11813"
874,"tutv","投","单字码表","11810"
875,"tvpv","通","单字码表","11796"
876,"tvtv","堍","单字码表","11793"
877,"txyg","檀","单字码表","11776"
878,"tyqv","庭","单字码表","11768"
879,"tyto","疼","单字码表","11767"
880,"tzgz","铜","单字码表","11761"
881,"tzqv","铤","单字码表","11753"
882,"tzsz","钽","单字码表","11752"
883,"wbcv","芄","单字码表","12487"
884,"wbhx","纬","单字码表","12480"
885,"wbtv","纨","单字码表","12470"
886,"wchb","污","单字码表","12462"
887,"wclg","涡","单字码表","12456"
888,"wcvv","娃","单字码表","12447"
889,"wdsg","腽","单字码表","12440"
890,"wenq","艉","单字码表","12438"
891,"wfjz","伍","单字码表","12432"
892,"wghx","围","单字码表","12420"
893,"wglg","蜗","单字码表","12415"
894,"wgot","蜿","单字码表","12410"
895,"wgz","囗","单字码表","12403"
896,"whaz","武","单字码表","12402"
897,"wjl","軎","单字码表","12377"
898,"wktb","硊","单字码表","12366"
899,"wlhv","吴","单字码表","12360"
900,"wllg","","单字码表","12358"
901,"wlqc","唩","单字码表","12354"
902,"wltc","吻","单字码表","12351"
903,"wmkb","阢","单字码表","12342"
904,"wqpv","迕","单字码表","12312"
905,"wqpv","逶","单字码表","12311"
906,"wtc","勿","单字码表","12294"
907,"wvtz","坞","单字码表","12268"
908,"wyhb","庑","单字码表","12252"
909,"wysg","瘟","单字码表","12246"
910,"xbc","荥","单字码表","10525"
911,"xbjb","绁","单字码表","10515"
912,"xbjo","续","单字码表","10513"
913,"xbjs","蕈","单字码表","10511"
914,"xbpv","芯","单字码表","10501"
915,"xbts","绚","单字码表","10493"
916,"xbxg","葙","单字码表","10487"
917,"xcfd","消","单字码表","10478"
918,"xcjx","渫","单字码表","10470"
919,"xckp","","单字码表","10469"
920,"xcqz","姓","单字码表","10462"
921,"xcrk","浠","单字码表","10459"
922,"xdcv","胁","单字码表","10446"
923,"xdsq","腥","单字码表","10444"
924,"xdxf","膝","单字码表","10440"
925,"xfpv","逍","单字码表","10420"
926,"xfte","修","单字码表","10417"
927,"xftv","像","单字码表","10415"
928,"xgbn","蟏","单字码表","10409"
929,"xggt","蚬","单字码表","10406"
930,"xgyv","眩","单字码表","10387"
931,"xhgt","现","单字码表","10385"
932,"xhyq","璇","单字码表","10372"
933,"ximz","羞","单字码表","10365"
934,"xirk","烯","单字码表","10361"
935,"xjcv","协","单字码表","10351"
936,"xjft","靴","单字码表","10350"
937,"xjji","囍","单字码表","10346"
938,"xjjl","囍","单字码表","10345"
939,"xjkg","项","单字码表","10344"
940,"xjmz","孝","单字码表","10341"
941,"xjs","昔","单字码表","10334"
942,"xjyg","醯","单字码表","10329"
943,"xktv","夏","单字码表","10317"
944,"xkz","戌","单字码表","10313"
945,"xlas","嘘","单字码表","10310"
946,"xlc","勋","单字码表","10309"
947,"xljz","咁","单字码表","10297"
948,"xlyv","躞","单字码表","10279"
949,"xmd","胥","单字码表","10278"
950,"xnpv","迅","单字码表","10259"
951,"xosq","惺","单字码表","10243"
952,"xpex","","单字码表","10232"
953,"xpix","详","单字码表","10225"
954,"xpmz","写","单字码表","10222"
955,"xprh","谖","单字码表","10219"
956,"xqar","罅","单字码表","10213"
957,"xqqv","笑","单字码表","10202"
958,"xqxg","箱","单字码表","10198"
959,"xrm","兮","单字码表","10193"
960,"xsgf","贤","单字码表","10186"
961,"xstf","歇","单字码表","10173"
962,"xtgv","蟹","单字码表","10167"
963,"xts","旭","单字码表","10153"
964,"xtwl","饷","单字码表","10144"
965,"xwfd","魈","单字码表","10122"
966,"xxgx","柙","单字码表","10112"
967,"xxgz","相","单字码表","10111"
968,"xxlm","枵","单字码表","10107"
969,"xxmk","械","单字码表","10105"
970,"xxnf","榍","单字码表","10103"
971,"xxtv","橡","单字码表","10098"
972,"xyfx","庥","单字码表","10089"
973,"xylm","享","单字码表","10083"
974,"xyv","燮","单字码表","10073"
975,"xzst","锡","单字码表","10064"
976,"xzyl","镶","单字码表","10062"
977,"yaqv","","单字码表","9402"
978,"yb","乙","单字码表","9401"
979,"ybgv","英","单字码表","9389"
980,"ybhv","芸","单字码表","9385"
981,"ybhv","莹","单字码表","9386"
982,"ybhx","纡","单字码表","9382"
983,"ybv","幺","单字码表","9364"
984,"ybvh","绎","单字码表","9362"
985,"ybyp","薏","单字码表","9357"
986,"ycbb","潆","单字码表","9354"
987,"ycbb","胤","单字码表","9355"
988,"ycgk","洇","单字码表","9344"
989,"ycgz","油","单字码表","9341"
990,"ycht","沅","单字码表","9340"
991,"yclm","浥","单字码表","9327"
992,"ycmz","孕","单字码表","9324"
993,"ycqv","妖","单字码表","9321"
994,"ycyf","液","单字码表","9308"
995,"ycyl","瀛","单字码表","9306"
996,"ycyq","游","单字码表","9305"
997,"yeqm","御","单字码表","9286"
998,"yetv","殷","单字码表","9283"
999,"yfjc","俨","单字码表","9276"
1000,"yfpv","悠","单字码表","9265"
1001,"yfpv","愈","单字码表","9263"
1002,"yfqv","佚","单字码表","9260"
1003,"yfyv","依","单字码表","9252"
1004,"ygbb","幽","单字码表","9251"
1005,"ygbc","蚴","单字码表","9250"
1006,"ygfd","嵛","单字码表","9246"
1007,"ygkg","崦","单字码表","9235"
1008,"ygkg","罨","单字码表","9234"
1009,"ygkv","因","单字码表","9231"
1010,"ygkv","睚","单字码表","9230"
1011,"yglg","圆","单字码表","9227"
1012,"ygmc","岈","单字码表","9224"
1013,"ygnv","眼","单字码表","9221"
1014,"ygpv","遇","单字码表","9217"
1015,"ygpv","遗","单字码表","9219"
1016,"ygst","蜴","单字码表","9213"
1017,"ygtz","鸭","单字码表","9210"
1018,"ygtz","鸯","单字码表","9209"
1019,"ygv","禺","单字码表","9206"
1020,"ygvl","眙","单字码表","9200"
1021,"yhmm","琊","单字码表","9185"
1022,"yhpv","运","单字码表","9180"
1023,"yhpv","远","单字码表","9181"
1024,"yhv","云","单字码表","9172"
1025,"yis","剡","单字码表","9159"
1026,"yix","丫","单字码表","9148"
1027,"yjcz","要","单字码表","9145"
1028,"yjjc","酽","单字码表","9142"
1029,"yjm","鄢","单字码表","9138"
1030,"yjz","酉","单字码表","9129"
1031,"ykgf","页","单字码表","9122"
1032,"ykgx","厣","单字码表","9117"
1033,"ykhv","","单字码表","9116"
1034,"ykjv","硬","单字码表","9114"
1035,"ykjz","殪","单字码表","9113"
1036,"ykkv","厌","单字码表","9112"
1037,"ykv","尤","单字码表","9105"
1038,"yld","跀","单字码表","9094"
1039,"ylgv","喁","单字码表","9086"
1040,"yljz","噎","单字码表","9077"
1041,"ylm","郢","单字码表","9074"
1042,"ylqv","跃","单字码表","9068"
1043,"ymb","轧","单字码表","9059"
1044,"ymfy","雅","单字码表","9055"
1045,"ymgv","隅","单字码表","9054"
1046,"ymlg","陨","单字码表","9051"
1047,"ymqv","医","单字码表","9046"
1048,"ymtp","隐","单字码表","9042"
1049,"ymtz","鸢","单字码表","9040"
1050,"ymtz","鹥","单字码表","9039"
1051,"ymv","弋","单字码表","9037"
1052,"ynx","聿","单字码表","9026"
1053,"yofd","愉","单字码表","9021"
1054,"yogv","寓","单字码表","9019"
1055,"yogz","宜","单字码表","9017"
1056,"yoyh","誉","单字码表","9001"
1057,"ypm","郓","单字码表","8991"
1058,"yrtz","鹞","单字码表","8948"
1059,"ys","曰","单字码表","8946"
1060,"ysm","邺","单字码表","8942"
1061,"ysyz","昱","单字码表","8934"
1062,"ytcc","飏","单字码表","8932"
1063,"ytfh","馀","单字码表","8930"
1064,"ytgz","鱼","单字码表","8929"
1065,"ytkg","颍","单字码表","8925"
1066,"ytkv","犹","单字码表","8924"
1067,"ytpv","迎","单字码表","8915"
1068,"ytpv","逸","单字码表","8916"
1069,"ytqv","饫","单字码表","8913"
1070,"yttf","饮","单字码表","8911"
1071,"ytvl","饴","单字码表","8908"
1072,"ytyh","狺","单字码表","8903"
1073,"yugc","撄","单字码表","8897"
1074,"yuhz","闫","单字码表","8895"
1075,"yukg","掩","单字码表","8891"
1076,"yuyf","掖","单字码表","8881"
1077,"yvlt","袁","单字码表","8865"
1078,"yvnv","垠","单字码表","8860"
1079,"yvqv","矣","单字码表","8857"
1080,"yvyz","翌","单字码表","8847"
1081,"yvzs","垣","单字码表","8846"
1082,"ywv","臾","单字码表","8835"
1083,"yxbb","橼","单字码表","8834"
1084,"yxcc","杨","单字码表","8833"
1085,"yybf","雍","单字码表","8815"
1086,"yycc","疡","单字码表","8814"
1087,"yyd","膺","单字码表","8812"
1088,"yydg","赢","单字码表","8810"
1089,"yyhl","言","单字码表","8803"
1090,"yyjz","痖","单字码表","8801"
1091,"yykv","疣","单字码表","8798"
1092,"yyld","赢","单字码表","8795"
1093,"yyqk","旖","单字码表","8788"
1094,"yytv","毅","单字码表","8785"
1095,"yyv","亦","单字码表","8780"
1096,"yywv","庾","单字码表","8775"
1097,"yyys","瘖","单字码表","8771"
1098,"yzgz","铀","单字码表","8766"
1099,"zagf","胔","单字码表","9030"
1100,"zagf","贞","单字码表","9032"
1101,"zakl","砦","单字码表","9029"
1102,"zasj","卓","单字码表","9026"
1103,"zasx","桌","单字码表","9025"
1104,"zbfy","骓","单字码表","9015"
1105,"zbgz","组","单字码表","9014"
1106,"zbgz","驵","单字码表","9013"
1107,"zbsj","蕞","单字码表","8993"
1108,"zbtn","驺","单字码表","8991"
1109,"zcbg","淄","单字码表","8981"
1110,"zchg","渍","单字码表","8977"
1111,"zcys","嫜","单字码表","8952"
1112,"zdgx","肿","单字码表","8949"
1113,"zdhv","","单字码表","8948"
1114,"zdjv","肢","单字码表","8946"
1115,"zegq","徵","单字码表","8934"
1116,"zev","爪","单字码表","8925"
1117,"zfff","众","单字码表","8922"
1118,"zfgx","仲","单字码表","8921"
1119,"zfqv","侏","单字码表","8907"
1120,"zfqz","作","单字码表","8906"
1121,"zftn","","单字码表","8903"
1122,"zfyz","住","单字码表","8899"
1123,"zghg","帻","单字码表","8887"
1124,"zgis","赠","单字码表","8884"
1125,"zgkh","赈","单字码表","8879"
1126,"zgmk","贼","单字码表","8876"
1127,"zgqv","帙","单字码表","8867"
1128,"zgqv","蛛","单字码表","8868"
1129,"zgqv","账","单字码表","8869"
1130,"zgqz","蚱","单字码表","8866"
1131,"zgtn","睁","单字码表","8863"
1132,"zgys","幛","单字码表","8856"
1133,"zgys","蟑","单字码表","8854"
1134,"zgyv","赃","单字码表","8853"
1135,"zhgf","责","单字码表","8850"
1136,"zhmz","耔","单字码表","8845"
1137,"zhys","璋","单字码表","8841"
1138,"zibb","兹","单字码表","8839"
1139,"zijs","糟","单字码表","8836"
1140,"zimz","孳","单字码表","8830"
1141,"zipv","总","单字码表","8828"
1142,"zjjz","整","单字码表","8814"
1143,"zjl","哉","单字码表","8813"
1144,"zjm","鄹","单字码表","8811"
1145,"zjmz","载","单字码表","8809"
1146,"zjpv","志","单字码表","8803"
1147,"zjqv","政","单字码表","8802"
1148,"zjtv","酌","单字码表","8798"
1149,"zkhv","砖","单字码表","8787"
1150,"zkjz","左","单字码表","8785"
1151,"zkmg","砸","单字码表","8784"
1152,"zlaj","啅","单字码表","8776"
1153,"zlat","呲","单字码表","8773"
1154,"zlgt","躅","单字码表","8768"
1155,"zllx","噪","单字码表","8756"
1156,"zlmh","啭","单字码表","8754"
1157,"zlqz","咋","单字码表","8748"
1158,"zlsj","嘬","单字码表","8745"
1159,"zlwm","唣","单字码表","8739"
1160,"zlwz","咱","单字码表","8738"
1161,"zlxs","喳","单字码表","8737"
1162,"zlyo","嗻","单字码表","8736"
1163,"zmgz","阻","单字码表","8726"
1164,"zmjb","辄","单字码表","8722"
1165,"zmlr","轵","单字码表","8719"
1166,"zmm","郅","单字码表","8718"
1167,"zmqv","致","单字码表","8711"
1168,"zmv","坠","单字码表","8706"
1169,"zmys","障","单字码表","8704"
1170,"znsz","昼","单字码表","8696"
1171,"zomb","窀","单字码表","8687"
1172,"zoqz","窄","单字码表","8682"
1173,"zotn","","单字码表","8680"
1174,"zpgz","祖","单字码表","8673"
1175,"zpkv","冢","单字码表","8665"
1176,"zpms","谮","单字码表","8662"
1177,"zpqz","诈","单字码表","8659"
1178,"zptn","诌","单字码表","8657"
1179,"zpyl","谆","单字码表","8649"
1180,"zqfy","稚","单字码表","8643"
1181,"zqjt","筑","单字码表","8632"
1182,"zqpv","迮","单字码表","8625"
1183,"zqpv","造","单字码表","8627"
1184,"zqtc","秭","单字码表","8619"
1185,"ztbg","鲻","单字码表","8598"
1186,"ztgg","螽","单字码表","8596"
1187,"zts","昝","单字码表","8584"
1188,"ztx","橥","单字码表","8580"
1189,"ztyh","詹","单字码表","8579"
1190,"zugv","蛰","单字码表","8567"
1191,"zugx","闸","单字码表","8565"
1192,"zuhh","揍","单字码表","8564"
1193,"zunj","搌","单字码表","8554"
1194,"zunj","撰","单字码表","8555"
1195,"zuqg","攒","单字码表","8550"
1196,"zuyg","摘","单字码表","8538"
1197,"zvgv","蚤","单字码表","8530"
1198,"zvyt","趑","单字码表","8523"
1199,"zxjg","植","单字码表","8509"
1200,"zxxs","楂","单字码表","8494"
1201,"zycz","姿","单字码表","8487"
1202,"zyff","疭","单字码表","8483"
1203,"zyfy","准","单字码表","8480"
1204,"zygf","资","单字码表","8479"
1205,"zyjz","症","单字码表","8474"
1206,"zykv","状","单字码表","8472"
1207,"zypv","戆","单字码表","8464"
1208,"zypv","这","单字码表","8466"
1209,"zypv","遮","单字码表","8467"
1210,"zyqq","族","单字码表","8463"
1211,"zysj","章","单字码表","8460"
1212,"zyyv","装","单字码表","8454"
1213,"zyyz","麈","单字码表","8452"
1214,"zzyq","镞","单字码表","8432"
